Hong Kong (2023-)	Hong Kong	Hong Kong	assets/photos/Hong_Kong/Clear_Water_Bay.jpg
Hong Kong (2023-)	Hong Kong	清水灣 Clear Water Bay	assets/photos/Hong_Kong/View_from_HKUST.jpg
Hong Kong (2023-)	Hong Kong	大浪灣 Big Wave Bay	assets/photos/Hong_Kong/Hong_Kong_1.jpg
Hong Kong (2023-)	Hong Kong	石澳 Shek O	assets/photos/Hong_Kong/Hong_Kong_2.jpg
Hong Kong (2023-)	Hong Kong	馬鞍山 Ma On Shan	assets/photos/Hong_Kong/Hong_Kong_3.jpg
Hong Kong (2023-)	Hong Kong	馬鞍珊 Ma On Shan	assets/photos/Hong_Kong/Hong_Kong_4.jpg
Hong Kong (2023-)	Hong Kong	綠蛋島 Green Egg Island	assets/photos/Hong_Kong/Hong_Kong_5.jpg
Mainland China	Shaoguan	Shaoguan (2025)	assets/photos/2025_Shaoguan/Shaoguan.jpg
Mainland China	Shaoguan	韶关 (2025)	assets/photos/2025_Shaoguan/韶关.jpg
Mainland China	Shaoguan	广东大峡谷 (2025)	assets/photos/2025_Shaoguan/广东大峡谷1.jpg
Mainland China	Shaoguan	广东大峡谷 (2025)	assets/photos/2025_Shaoguan/广东大峡谷2.jpg
Mainland China	Shaoguan	广东大峡谷 (2025)	assets/photos/2025_Shaoguan/广东大峡谷3.jpg
Mainland China	Xinjiang	Xinjiang (2025)	assets/photos/2025_Xinjiang/Xinjiang_2025.jpg
Mainland China	Xinjiang	八卦城 特克斯 (2025)	assets/photos/2025_Xinjiang/八卦城_特克斯.jpg
Mainland China	Xinjiang	天山天池 (2025)	assets/photos/2025_Xinjiang/天池.jpg
Mainland China	Xinjiang	Road View (2025)	assets/photos/2025_Xinjiang/Road_View.jpg
Mainland China	Xinjiang	New Skill Unlocked (2025)	assets/photos/2025_Xinjiang/new_skill_unlocked.jpg
Mainland China	Xinjiang	板凳 1 (2025)	assets/photos/2025_Xinjiang/板凳1.jpg
Mainland China	Xinjiang	板凳 2 (2025)	assets/photos/2025_Xinjiang/板凳2.jpg
Mainland China	Yunnan	Yunnan (2024)	assets/photos/2024_Yunnan/Yunnan_2024.jpg
Mainland China	Yunnan	梅里雪山	assets/photos/2024_Yunnan/Meili_snow_mountains.jpg
Mainland China	Yunnan	梅里雪山	assets/photos/2024_Yunnan/Meili_snow_mountains_3.jpg
Mainland China	Yunnan	梅里雪山	assets/photos/2024_Yunnan/Meili_snow_mountains_4.jpg
Mainland China	Yunnan	玉龙雪山	assets/photos/2024_Yunnan/Yulong_snow_mountain_2.jpg
Mainland China	Yunnan	玉龙雪山	assets/photos/2024_Yunnan/Yulong_snow_mountain.jpg
Mainland China	Yunnan	玉龙雪山	assets/photos/2024_Yunnan/Yulong_snow_mountain_3.jpg
Mainland China	Yunnan	普拉错国家公园	assets/photos/2024_Yunnan/Pudacuo_Natioal_Park_1.jpg
Mainland China	Yunnan	洱海	assets/photos/2024_Yunnan/Erhai_Shan.jpg
Mainland China	Yunnan	洱海	assets/photos/2024_Yunnan/Erhai_Weizhi.jpg
Mainland China	Guangzhou (2023)	Guangzhou (2023)	assets/photos/2023_Guangzhou/IMG_5026.jpg
Mainland China	Guangzhou (2023)	石门公园	assets/photos/2023_Guangzhou/IMG_5027.jpg
Mainland China	Guangzhou (2023)	石门公园	assets/photos/2023_Guangzhou/IMG_5028.jpg
Mainland China	Guangzhou (2023)	石门公园	assets/photos/2023_Guangzhou/IMG_5029.jpg
Mainland China	Guangzhou (2023)	石门公园	assets/photos/2023_Guangzhou/IMG_5031.jpg
Australia (2015-2023)	main	Opera House	assets/photos/Australia/Opera_House.jpg
Australia (2015-2023)	main	Coogee Beach, NSW	assets/photos/Australia/Coogee_Beach.jpg
Australia (2015-2023)	main	Palm Beach, NSW	assets/photos/Australia/Palm_Beach.jpg
Australia (2015-2023)	main	Blue Mountains, NSW	assets/photos/Australia/Blue_Mountains.jpg
Australia (2015-2023)	main	Sea Cliff Bridge, NSW	assets/photos/Australia/Sea_Cliff_Bridge.jpg
Australia (2015-2023)	main	Bombo Headland, NSW	assets/photos/Australia/Bombo_Headland.jpg
Australia (2015-2023)	main	Jenolan Caves, NSW	assets/photos/Australia/Jenolan_Caves.jpg
Australia (2015-2023)	Canola Fields	Canola Fields	assets/photos/Australia/Cowra_1.jpg
Australia (2015-2023)	Canola Fields	Cowra, NSW	assets/photos/Australia/Cowra_2.jpg
Australia (2015-2023)	Canola Fields	Cowra, NSW	assets/photos/Australia/Cowra_3.jpg
Australia (2015-2023)	Canola Fields	Cowra, NSW	assets/photos/Australia/Cowra_4.jpg
Australia (2015-2023)	Canola Fields	Cowra, NSW	assets/photos/Australia/Cowra_5.jpg
Australia (2015-2023)	Canola Fields	Cowra, NSW	assets/photos/Australia/Cowra_6.jpg
Australia (2015-2023)	Canola Fields	Cowra, NSW	assets/photos/Australia/Cowra_7.jpg
Australia (2015-2023)	Canola Fields	Cowra, NSW	assets/photos/Australia/Cowra_11.jpg
Australia (2015-2023)	Canola Fields	Cowra, NSW	assets/photos/Australia/Cowra_8.jpg
Australia (2015-2023)	Canola Fields	Cowra, NSW	assets/photos/Australia/Cowra_10.jpg
Australia (2015-2023)	Canola Fields	Cowra, NSW	assets/photos/Australia/Cowra_12.jpg
Australia (2015-2023)	Canola Fields	Young, NSW	assets/photos/Australia/Young.jpg
Australia (2015-2023)	Mount Kosciuszko	Mount Kosciuszko	assets/photos/Australia/Mount_Kosciuszko_1.jpg
Australia (2015-2023)	Mount Kosciuszko	Mount Kosciuszko	assets/photos/Australia/Mount_Kosciuszko_2.jpg
Australia (2015-2023)	Mount Kosciuszko	Mount Kosciuszko	assets/photos/Australia/Mount_Kosciuszko_3.jpg
Australia (2015-2023)	Mount Kosciuszko	Mount Kosciuszko	assets/photos/Australia/Mount_Kosciuszko_4.jpg
Australia (2015-2023)	Mount Kosciuszko	Mount Kosciuszko	assets/photos/Australia/Mount_Kosciuszko_5.jpg
Australia (2015-2023)	Mount Kosciuszko	Mount Kosciuszko	assets/photos/Australia/Mount_Kosciuszko_6.jpg
Australia (2015-2023)	Mount Kosciuszko	Mount Kosciuszko	assets/photos/Australia/Mount_Kosciuszko_7.jpg
Australia (2015-2023)	Mount Kosciuszko	Mount Kosciuszko	assets/photos/Australia/Mount_Kosciuszko_8.jpg
Australia (2015-2023)	Mount Kosciuszko	After bushfire	assets/photos/Australia/Mount_Kosciuszko_9.jpg
Australia (2015-2023)	Mount Kosciuszko	Mount Kosciuszko	assets/photos/Australia/Mount_Kosciuszko_10.jpg
Australia (2015-2023)	Mount Kosciuszko	Mount Kosciuszko	assets/photos/Australia/Mount_Kosciuszko_11.jpg
Australia (2015-2023)	Mount Kosciuszko	Mount Kosciuszko	assets/photos/Australia/Mount_Kosciuszko_12.jpg
Australia (2015-2023)	Mount Kosciuszko	Mount Kosciuszko	assets/photos/Australia/Mount_Kosciuszko_13.jpg
Australia (2015-2023)	Wombat	Wombat	assets/photos/Australia/Wombat.jpg
Australia (2015-2023)	Wombat	Kangaroo Valley, NSW	assets/photos/Australia/Wombat_1.jpg
Australia (2015-2023)	Wombat	Kangaroo Valley, NSW	assets/photos/Australia/Wombat_4.jpg
Australia (2015-2023)	Wombat	Kangaroo Valley, NSW	assets/photos/Australia/Wombat_6.jpg
Australia (2015-2023)	Wombat	Kangaroo Valley, NSW	assets/photos/Australia/Wombat_7.jpg
Australia (2015-2023)	road_trip_2023_1	Southeast Australia	assets/photos/Australia/road_trip_2023_1.jpg
Australia (2015-2023)	road_trip_2023_1	Cobar, NSW	assets/photos/Australia/Cobar.jpg
Australia (2015-2023)	road_trip_2023_1	Nyngan, NSW	assets/photos/Australia/Nyngan.jpg
Australia (2015-2023)	road_trip_2023_1	Noona, NSW	assets/photos/Australia/Noona.jpg
Australia (2015-2023)	road_trip_2023_1	Wilcannia, NSW	assets/photos/Australia/Wilcannia.jpg
Australia (2015-2023)	road_trip_2023_1	Broken Hill, NSW	assets/photos/Australia/Broken_Hill.jpg
Australia (2015-2023)	road_trip_2023_1	Little Topar, NSW	assets/photos/Australia/Little_Topar.jpg
Australia (2015-2023)	road_trip_2023_1	Cockburn, NSW	assets/photos/Australia/Cockburn.jpg
Australia (2015-2023)	road_trip_2023_1	Beaumaris Bay, VIC	assets/photos/Australia/Beaumaris_Bay_Fossil_Site.jpg
Australia (2015-2023)	road_trip_2023_1	Beaumaris Bay, VIC	assets/photos/Australia/Beaumaris_Bay_Fossil_Site_2.jpg
Australia (2015-2023)	road_trip_2023_1	Beaumaris Bay, VIC	assets/photos/Australia/Beaumaris_Bay_Fossil_Site_3.jpg
Australia (2015-2023)	road_trip_2023_1	Mingary, SA	assets/photos/Australia/Mingary.jpg
Australia (2015-2023)	road_trip_2023_1	Belalie East, SA	assets/photos/Australia/Belalie_East.jpg
Australia (2015-2023)	road_trip_2023_1	Kingston SE, SA	assets/photos/Australia/Kingston.jpg
Australia (2015-2023)	road_trip_2023_1	Parnaroo, SA	assets/photos/Australia/Parnaroo.jpg
Australia (2015-2023)	road_trip_2023_1	Manna Hill, SA	assets/photos/Australia/Manna_Hill.jpg
Australia (2015-2023)	road_trip_2023_1	Meningie, SA	assets/photos/Australia/Meningie.jpg
Australia (2015-2023)	road_trip_2023_1	Adelaide, SA	assets/photos/Australia/Adelaide.jpg
Australia (2015-2023)	road_trip_2023_1	Millicent, SA	assets/photos/Australia/Millicent.mov
Australia (2015-2023)	road_trip_2023_2	Tasmania	assets/photos/Australia/road_trip_2023_2.jpg
Australia (2015-2023)	road_trip_2023_2	Spirit of Tasmania	assets/photos/Australia/Spirit_of_Tasmania.jpg
Australia (2015-2023)	road_trip_2023_2	Miena, TAS	assets/photos/Australia/Miena.jpg
Australia (2015-2023)	road_trip_2023_2	Cradle Mountain, TAS	assets/photos/Australia/Cradle_Mountain_1.jpg
Australia (2015-2023)	road_trip_2023_2	Cradle Mountain, TAS	assets/photos/Australia/Cradle_Mountain_2.jpg
Australia (2015-2023)	road_trip_2023_2	Stanley, TAS	assets/photos/Australia/Stanley_1.jpg
Australia (2015-2023)	road_trip_2023_2	Stanley, TAS	assets/photos/Australia/Stanley_2.jpg
Australia (2015-2023)	road_trip_2023_2	Russell Falls, TAS	assets/photos/Australia/Russell_Falls.jpg
Australia (2015-2023)	road_trip_2023_2	Bridestowe Lavender Farm, TAS	assets/photos/Australia/Bridestowe_Lavender_Farm.jpg
Australia (2015-2023)	road_trip_2023_2	Mount Wellington, TAS	assets/photos/Australia/Mount_Wellington_1.jpg
Australia (2015-2023)	road_trip_2023_2	Mount Wellington, TAS	assets/photos/Australia/Mount_Wellington_2.jpg
Australia (2015-2023)	road_trip_2023_2	Penguin, TAS	assets/photos/Australia/Penguin.jpg
Australia (2015-2023)	road_trip_2023_2	Fossil Bluff Conservation Area, TAS	assets/photos/Australia/Fossil_Bluff_Conservation_Area_1.jpg
Australia (2015-2023)	road_trip_2023_2	Fossil Bluff Conservation Area, TAS	assets/photos/Australia/Fossil_Bluff_Conservation_Area_2.jpg
Australia (2015-2023)	road_trip_2023_2	Eaglehawk Neck, TAS	assets/photos/Australia/Eaglehawk_Neck.jpg
Italy, Germany and Czech (2018)	Italy	Italy	assets/photos/2018_Italy/Rome.jpg
Italy, Germany and Czech (2018)	Italy	Milan	assets/photos/2018_Italy/Milan.jpg
Italy, Germany and Czech (2018)	Italy	Pisa	assets/photos/2018_Italy/Pisa.jpg
Italy, Germany and Czech (2018)	Italy	Florence	assets/photos/2018_Italy/Florence.jpg
Italy, Germany and Czech (2018)	Italy	Venice	assets/photos/2018_Italy/Venice.jpg
Italy, Germany and Czech (2018)	Italy	Venice	assets/photos/2018_Italy/Venice_2.jpg
Italy, Germany and Czech (2018)	Italy	Pompeii	assets/photos/2018_Italy/Pompeii_1.jpg
Italy, Germany and Czech (2018)	Italy	Pompeii	assets/photos/2018_Italy/Pompeii_2.jpg
Italy, Germany and Czech (2018)	Germany	Germany	assets/photos/2018_Germany_Czech/Frankfurt.jpg
Italy, Germany and Czech (2018)	Germany	Leipzig	assets/photos/2018_Germany_Czech/Leipzig_1.jpg
Italy, Germany and Czech (2018)	Germany	Leipzig	assets/photos/2018_Germany_Czech/ISME2018_2.jpg
Italy, Germany and Czech (2018)	Germany	Leipzig	assets/photos/2018_Germany_Czech/ISME2018_3.jpg
Italy, Germany and Czech (2018)	Czech	Czech	assets/photos/2018_Germany_Czech/Prague.jpg
Taiwan (2017)	main	台湾	assets/photos/2017_Taiwan/Taiwan_1.jpg
Taiwan (2017)	main	台北101	assets/photos/2017_Taiwan/Taipei.jpg
Taiwan (2017)	main	花莲	assets/photos/2017_Taiwan/Taiwan_2.jpg
Taiwan (2017)	main	九份	assets/photos/2017_Taiwan/Taiwan_3.jpg
